salvamar;Jan;Fev;Mar;Abr;Mai;Jun;Jul;Ago;Set;Out;Nov;Dez
SALVAMAR SUESTE;1,52;0,93;1,22;0,8;0,67;0,63;1,22;0,67;0,84;1,35;1,22;0,93
SALVAMAR LESTE;1,92;0,58;0,67;1,0;1,25;1,08;0,75;1,0;1,08;1,17;0,75;0,75
SALVAMAR NORDESTE;0,56;0,84;1,21;1,3;1,49;1,21;1,49;1,02;0,84;0,65;0,65;0,74
SALVAMAR NORTE;0,76;1,09;0,9;1,14;1,09;0,76;1,28;0,9;1,0;1,42;0,76;0,9
SALVAMAR SUL;1,18;0,85;0,93;0,42;0,76;0,93;0,76;1,1;0,85;1,18;1,52;1,52
SALVAMAR OESTE;0,55;0,82;1,36;1,36;0,55;0,82;1,09;1,64;1,64;0,82;0,82;0,55
SALVAMAR CENTRO-OESTE;1,41;1,06;1,41;0,35;1,41;1,41;0,71;0,35;1,06;1,41;0,35;1,06
SALVAMAR SUL-SUESTE;1,02;0,59;1,08;1,13;1,02;1,13;0,59;1,18;1,13;1,24;1,02;0,86
SALVAMAR NOROESTE;1,14;0,88;1,05;1,58;0,79;0,79;1,23;1,84;0,88;0,79;0,53;0,53
