;OM responsável pela área;Salvamar;Eventos;Tipo mais frequente;Com óbito ou desap. (%)
1;Delegacia da Capitania dos Portos em Angra dos Reis;SALVAMAR SUESTE;36;Avaria / à deriva;25
2;Capitania dos Portos da Bahia;SALVAMAR LESTE;33;Avaria / à deriva;24
3;Capitania dos Portos do Rio de Janeiro;SALVAMAR SUESTE;31;Avaria / à deriva;26
4;Capitania dos Portos da Amazônia Oriental;SALVAMAR NORTE;16;Naufrágio / emborcamento;69
5;Capitania Fluvial de Santarém;SALVAMAR NORTE;15;Homem ao mar;73
6;Delegacia da Capitania dos Portos em Cabo Frio;SALVAMAR SUESTE;14;Naufrágio / emborcamento;29
7;Capitania dos Portos do Espírito Santo;SALVAMAR SUESTE;12;Avaria / à deriva;25
8;Capitania dos Portos de Macaé;SALVAMAR SUESTE;12;Naufrágio / emborcamento;17
9;Agência da Capitania dos Portos em Paraty;SALVAMAR SUESTE;12;Avaria / à deriva;25
10;Delegacia Fluvial de Presidente Epitácio;SALVAMAR SUL-SUESTE;12;Naufrágio / emborcamento;25
11;Capitania dos Portos de São Paulo;SALVAMAR SUL-SUESTE;11;Avaria / à deriva;45
12;Capitania Fluvial de Tabatinga;SALVAMAR NOROESTE;10;Homem ao mar;80
13;Agência da Capitania dos Portos em Tramandaí;SALVAMAR SUL;9;Orientação / evacuação médica;44
14;Delegacia da Capitania dos Portos em São Sebastião;SALVAMAR SUL-SUESTE;8;Desaparecimento / perda de contato com embarcação;75
15;Delegacia da Capitania dos Portos em Itacuruçá;SALVAMAR SUESTE;8;Avaria / à deriva;0
